2310,81F0A002,5E00CC40CE806D40
2392,81F0A003,6D0000000772B7AF
2455,81F0A003,5A0000000777B888
2520,81F0A003,4F000000077AB913
2583,81F0A002,7100CD00CEC09300
2596,81F0A002,1D00CCC0CF409700
2611,81F0A001,FFC0CA40CA800600
2625,81F0A001,FFC0CA80CA400600
2638,81F0A000,293C85F44B3F1024
2705,81F0A003,4D000000077ABA2B
2768,81F0A000,27CC84824B951126
2836,81F0A003,4E000000077ABB1E
2899,81F0A003,4E000000077ABB89
2963,81F0A003,4E000000077ABBFF
3026,81F0A002,6200CC40CEC090C0
3041,81F0A002,1000CCC0CE809400
3054,81F0A001,FFC0CA80CA400700
3065,81F0A001,FFC0CA80C9800700
3080,81F0A003,50000000077ABD07
3143,81F0A003,50000000077ABD25
3207,81F0A002,D600CA40CEC09200
3221,81F0A002,8100CD40CEC09880
3234,81F0A001,FFC0CA00CA800000
3249,81F0A001,FFC0CA40CA407100
3262,81F0A000,1F82938E3D911025
3330,81F0A003,56000000077ABDF0
3393,81F0A000,1F9691DB3CE71126
3460,81F0A003,57000000077ABE81
3523,81F0A003,56000000077ABEE8
3587,81F0A002,F200CC00CEC09640
3601,81F0A002,E200CBC0CF409680
3614,81F0A001,FFC0CA40CA807100
3629,81F0A000,1EB490123A7B1025
3692,81F0A000,1ED48FFC3AB21025
3760,81F0A003,57000000077ABFB3
3823,81F0A000,1E788F2E32C21126
3890,81F0A003,58000000077AC003
3953,81F0A000,1AE89053324F1126
4021,81F0A003,580000000778C063
4084,81F0A003,580000000774C020
4148,81F0A003,590000000772C09A
4211,81F0A002,8100CCC0CE809540
4226,81F0A002,4100CD80CEC09A00
4239,81F0A001,FFC0CA40CAC00000
4253,81F0A001,FFC0CA40CB000700
4267,81F0A000,117EBDB732C21025
4334,81F0A003,5E0000000774C1A5
4398,81F0A000,1092C4584E571127
4464,81F0A003,600000000777C25E
4526,81F0A000,1906C86D67B81127
4592,81F0A002,9500CBC0CE809180
4605,81F0A003,4D0000000783C298
4669,81F0A002,7100CD80CEC09A80
4683,81F0A001,FFC0CA40CA000600
4697,81F0A001,FFC0CA40CB400000
4711,81F0A000,31D88A4A4D911126
4777,81F0A003,4B0000000784C266
4841,81F0A000,2EAE760434131127
4908,81F0A003,460000000778C23D
4971,81F0A003,450000000776C1FB
5036,81F0A003,4C0000000775C1EB
5099,81F0A002,6800CDC0CF007B80
5112,81F0A002,0400CCC0CEC09CC0
5126,81F0A001,FFC0CA40CA000600
5140,81F0A001,FFC0CA00CA000600
5151,81F0A000,15049D6A32A51025
5218,81F0A003,690000000773C260
5281,81F0A003,700000000772C285
5345,81F0A002,D700CB40CEC09200
5358,81F0A002,A000CD80CE8096C0
5372,81F0A001,FFC0CA40CA800700
5386,81F0A001,FFC0CA40CA800600
5400,81F0A000,0BCECB7C35111025
5467,81F0A003,780000000777C2CE
5530,81F0A000,07ECD9623B3F1127
5597,81F0A003,800000000777C14B
5660,81F0A003,810000000777C0B7
5725,81F0A003,800000000777C01F
5788,81F0A002,8200CC80CEC08700
5801,81F0A002,8200CD40CEC08640
5816,81F0A001,FFC0CA40CA400000
5827,81F0A001,FFC0CA40CA000700
5840,81F0A003,7C0000000777BE81
5904,81F0A003,7D0000000777BE56
5968,81F0A002,8200CBC0CEC08600
5982,81F0A001,FFC0CA40CA800700
5996,81F0A001,FFC0CA00CA400700
6010,81F0A000,0414DFA14D741026
6077,81F0A003,7C0000000777BD07
6140,81F0A000,0414E22E39B41127
6208,81F0A003,7B0000000777BBF5
6272,81F0A000,0414E22E32C21127
6338,81F0A003,7B0000000777BB04
6403,81F0A003,7A0000000777BA97
6466,81F0A003,7A0000000777BA38
6530,81F0A002,8D00CDC0CEC08A80
6544,81F0A002,0000CCC0CE8085C0
6555,81F0A001,FFC0CA40CAC00000
6568,81F0A000,0000D4EB32DC1025
6636,81F0A000,0000E0E832C21025
6703,81F0A000,0000E02432C21127
6769,81F0A000,0000E22E32A51127
6837,81F0A000,0000E1AB326B1128
6903,81F0A001,FFC0CA40CA808A00
6918,81F0A001,FFC0CA40CB000600
6931,81F0A000,0000DA8832C21027
6998,81F0A000,0000DC9232F91025
7065,81F0A000,0000E1ED32881128
7132,81F0A000,0000DF1F32881128
7198,81F0A001,FFC0CA40CA000000
7212,81F0A001,FFC0CA40CA800000
7226,81F0A000,020AD1DC32A51027
7292,81F0A000,0228E22E32DC1026
7357,81F0A000,023EDC5132C21128
7424,81F0A003,760000000777A0B4
7487,81F0A000,0252E1ED6C761128
7554,81F0A003,7600000007779EA6
7617,81F0A003,7600000007779D91
7682,81F0A003,7700000007779C9B
7745,81F0A002,6E00CC80CEC06580
7758,81F0A002,9800CD40CEC06F00
7773,81F0A001,FFC0CA40CAC08A00
7786,81F0A001,FFC0CA40CA400700
7800,81F0A000,05ECE22EE0C31026
7867,81F0A003,7E000000077799EE
7930,81F0A000,0C72D77880361128
7998,81F0A003,63000000077799E9
8061,81F0A000,1FFCCE3F7EC81128
8129,81F0A003,5300000007829B3D
8199,81F0A003,5300000007879C95
8263,81F0A001,FFC0CA00CA400600
8276,81F0A000,2BAE7D1D434F1128
8344,81F0A003,44000000077AA01D
8408,81F0A003,440000000778A1CD
8471,81F0A003,57000000077AA3A6
8535,81F0A002,B200CDC0CF008E40
8549,81F0A002,AD00CD00CEC09340
8562,81F0A001,FFC0CA80CA000700
8577,81F0A001,FFC0CA40CA000600
8590,81F0A000,1D44A57E489A1026
8656,81F0A003,760000000771A803
8721,81F0A000,1E06A7DE4B231128
8787,81F0A003,6D0000000771AA95
8851,81F0A003,5D0000000771ABFC
8914,81F0A003,550000000774AD22
8976,81F0A002,9000CD40CF4092C0
8989,81F0A001,FFC0CA40CA400700
9004,81F0A001,FFC0CA40CA400000
9018,81F0A000,25D694D44B3F1027
9084,81F0A003,530000000779AFAA
9148,81F0A000,24E093FB4C5A1127
9216,81F0A003,510000000779B158
9279,81F0A000,253293164D041128
9346,81F0A003,53000000077AB29A
9409,81F0A003,540000000779B34E
9473,81F0A003,53000000077AB3E1
9536,81F0A002,7100CC80CEC09200
9550,81F0A002,1700CCC0CF009300
9564,81F0A001,FFC0CA40CA800700
9578,81F0A000,2A0A89DD52171027
9645,81F0A000,29008B4452C11027
9708,81F0A000,29A48BFE53861128
9776,81F0A000,2A0A8E95544C1128
9842,81F0A000,2BCC8D90562B1128
9909,81F0A000,2CEC8D65572B1128
9976,81F0A001,FFC0CA40CA800000
9990,81F0A001,FFC0CA00C9800000
10004,81F0A000,2FF6918F54301028
10072,81F0A000,2FAE895A51A71026
10138,81F0A000,31028CAB54131128
10205,81F0A000,320C8A0954301128
10272,81F0A001,FFC0C9C0CA800600
10287,81F0A001,FFC0CA40C9C00600
10300,81F0A000,3220864B54131028
10368,81F0A000,3172863652881026
10434,81F0A000,32548AB755841128
10504,81F0A000,31B08B5A559E1128
10571,81F0A002,4E00CDC0CF0093C0
10585,81F0A001,FFC0CA40CAC00600
10599,81F0A001,FFC0CA40CA000000
10612,81F0A000,327C8CF854691027
10679,81F0A003,4D0000000784B929
10742,81F0A000,31B084A355D71128
10810,81F0A003,4F0000000783B9C0
10873,81F0A003,4C0000000784B9F5
10937,81F0A003,4B0000000783BA18
11000,81F0A002,4E00CD00CF009180
11015,81F0A002,5D00CDC0CF409380
11028,81F0A001,FFC0CA80CB807100
11042,81F0A001,FFC0CA00CA800600
11056,81F0A000,326886C356811027
11122,81F0A003,4B0000000785BA8F
11190,81F0A000,32028950577F1128
11256,81F0A000,337C875B58291128
11323,81F0A000,32F8902858B61128
11389,81F0A000,337C8E12587D1128
11457,81F0A001,FFC0CA40CB000600
11470,81F0A001,FFC0C9C0CAC00600
11485,81F0A000,34B088D857D31028
11551,81F0A000,33E489DD55D71026
11618,81F0A000,342A8A3F59441128
11685,81F0A000,33EE8ECC58ED1129
11752,81F0A000,349C882A58D31129
11819,81F0A001,FFC0CA40CA400600
11833,81F0A001,FFC0C9C0CA807100
11846,81F0A000,34B089BC58601028
11914,81F0A000,34E489F356481027
11983,81F0A000,3454860059271128
12051,81F0A001,FFC0CA00CA000600
12064,81F0A002,8A00CE00CF408D00
12079,81F0A001,FFC0CA40CB000600
12093,81F0A000,347285D4590A1128
12160,81F0A000,34BA8DC759271128
12227,81F0A000,349C88B759B41129
12294,81F0A000,34B0877159ED1129
12360,81F0A001,FFC0CA40CA800000
12375,81F0A001,FFC0CA40CB000000
12389,81F0A000,355E898659B41028
12455,81F0A000,3568889757D31027
12523,81F0A000,35548FFC5ACF1129
12590,81F0A001,FFC0C980CAC00600
12604,81F0A001,FFC0C9C0C9800600
12617,81F0A000,325480F04B231028
12688,81F0A000,320C7A7B49D11027
12755,81F0A001,FFC0CA00CA400000
12769,81F0A001,FFC0C980CA000000
12783,81F0A000,2F0A7F1D426B1028
12850,81F0A000,2E9A77E33AB21027
12917,81F0A000,2BD66A8B2FA91128
12984,81F0A000,275064B92E021028
13050,81F0A000,235A6A4A2EE51128
13118,81F0A001,FFC0CA00CA000700
13131,81F0A001,FFC0CA40CBC00600
13146,81F0A000,1A448A1E2EAB1028
13212,81F0A000,19428A552F721027
13279,81F0A000,161AA40042A51129
13345,81F0A000,13C6C1E15A5E1129
13413,81F0A000,16FAC8E464DA1129
13483,81F0A001,FFC0CA40CAC00600
13497,81F0A002,B400CD00CEC09300
13510,81F0A001,FFC0CA80CAC00000
13523,81F0A000,3072A74763691027
13591,81F0A000,32BAA28F63A21027
13658,81F0A000,3940905362171129
13724,81F0A000,392C87715D041129
13792,81F0A001,FFC0CA00CA800600
13805,81F0A001,FFC0CA80CB407100
13819,81F0A000,35E48B195A411028
13886,81F0A000,36028E4958461027
13953,81F0A000,362C8B705B951129
14020,81F0A000,36028E295B951129
14087,81F0A001,FFC0CA40CA400000
14101,81F0A001,FFC0CA40CAC00000
14114,81F0A000,36408C605A951028
14196,81F0A000,36EE870F587D1027
14264,81F0A003,470000000789BD06
14328,81F0A000,37C689455BB01129
14397,81F0A000,368888EE5B5C1129
14465,81F0A000,36E489F35C3D1129
14580,81F0A001,FFC0CA00CAC00600
14596,81F0A001,FFC0CA40CA800600
14610,81F0A001,FFC0CA40CAC07100
14625,81F0A000,371889F3590A1027
14693,81F0A000,36E488A25B5C1027
14761,81F0A000,381888765C5A1129
14829,81F0A001,FFC0CA80CAC00600
14844,81F0A002,F800CE00CF409480
14859,81F0A001,FFC0CA00CA000600
14874,81F0A001,FFC0C9C0CA800600
14893,81F0A001,FFC0CA80CA000000
14906,81F0A001,FFC0CA80CAC00600
14920,81F0A000,37C688815D571129
14987,81F0A000,381885925DAD1129
15053,81F0A000,394089E85E3B1129
15120,81F0A000,38C683D55E8F1129
15186,81F0A000,394A85F45E721129
15253,81F0A001,FFC0CA00CA000600
15266,81F0A001,FFC0CA80CEC00600
15281,81F0A002,7100CC80CF4081C0
15294,81F0A003,450000000789BCC8
15357,81F0A002,E300CCC0CEC09500
15371,81F0A002,E600CD00CE409340
15385,81F0A001,FFC0CA40C9400600
15398,81F0A000,37D08DE75DCA1028
15465,81F0A000,382C8A605EAB1028
15535,81F0A000,382C890F5F391129
15602,81F0A001,FFC0CA00CA007100
15616,81F0A001,FFC0C9C0C9800600
15630,81F0A001,FFC0C9C0CA800000
15643,81F0A000,3922848D5D911028
15710,81F0A003,440000000789BC81
15774,81F0A000,38D0870F5EE51129
15841,81F0A003,450000000789BC9B
15904,81F0A003,470000000789BCB5
15968,81F0A003,480000000789BCC9
16031,81F0A002,7100CE00CF009840
16045,81F0A002,6B00CC40CF009800
16059,81F0A001,FFC0CA80CAC00600
16072,81F0A000,334A90895CCA1027
16139,81F0A000,333496725F551027
16208,81F0A000,32A696885F391029
16275,81F0A001,FFC0CA00CA000000
16289,81F0A001,FFC0C9C0C9800000
16303,81F0A000,324A91215EFF1028
16369,81F0A000,329C90695C761028
16436,81F0A000,350C93FB5EAB1029
16502,81F0A000,367491FC5EFF1129
16569,81F0A000,37408E7F5F1C1129
16635,81F0A001,FFC0CA80CB007100
16650,81F0A001,FFC0CA80CB000700
16663,81F0A000,347C8D655EAB1028
16730,81F0A000,347C918F5C3D1027
16796,81F0A000,349C8FD15F721029
16863,81F0A000,344096FF5F1C1129
16929,81F0A000,33EE91175F391128
16996,81F0A000,329092275F391029
17067,81F0A001,FFC0CA40CA400000
17080,81F0A002,2D00CD00CEC08780
17093,81F0A001,FFC0CA40CA400700
17106,81F0A000,1D8CB3635E721027
17174,81F0A000,1B3AB8465F391027
17241,81F0A000,1604C69960FD1028
17307,81F0A000,168ACAE3601A1129
17374,81F0A000,1C44C24E66D51128
17440,81F0A001,FFC0CA00CA807100
17454,81F0A001,FFC0CA80CAC00600
17468,81F0A000,30F6B2D57F551028
17534,81F0A000,3386B1387C221027
17601,81F0A003,630000000781BDEB
17665,81F0A003,4A0000000787BDB9
17728,81F0A003,3C0000000784BDC2
17795,81F0A002,5A00CD00CF007F40
17809,81F0A003,3D0000000770BDD4
17872,81F0A002,E800CE00CEC08F80
17887,81F0A002,BE00CB80CE809A40
17900,81F0A001,FFC0CA40CA000600
17913,81F0A000,1E26D317B2C11028
17981,81F0A000,1ECAD92BC16D1027
18048,81F0A000,2446DE24E3F61128
18114,81F0A000,2650DD2AFB951128
18182,81F0A001,FFC0CA00CA800600
18195,81F0A001,FFC0CA40CAC00600
18209,81F0A000,2C9AE479FFFF1028
18276,81F0A003,3D0000000783BE98
18339,81F0A000,2BF6DD3FFFFF1128
18406,81F0A003,370000000784BE71
18469,81F0A000,342AE0E8FFFF1128
18540,81F0A003,340000000785BE7F
18604,81F0A000,37F8DCFEFFFF1128
18670,81F0A000,3FDCD90AFFFF1128
18737,81F0A000,4280D8B3FFFF1128
18803,81F0A000,3FE6CF5AD4D91128
18870,81F0A000,3CBCC8CFCFA91028
18936,81F0A001,FFC0CA80C9800600
18951,81F0A001,FFC0CA40CB000700
18964,81F0A000,4996BAD3D9971027
19031,81F0A003,38000000077ABCED
19094,81F0A000,4DCAD41CFFFF1028
19161,81F0A003,35000000077CBC31
19224,81F0A003,2E000000077CBC0E
19288,81F0A003,39000000077CBBB1
19351,81F0A002,5500D280CFC08A00
19367,81F0A002,0E00CD00CF808940
19382,81F0A002,4B00CD40CF0094C0
19395,81F0A001,FFC0CA40CAC00000
19409,81F0A000,4B2670CA6E3B1027
19476,81F0A000,48F26C5F6EE51027
19543,81F0A000,483A833275D71028
19609,81F0A000,4CFE796075111028
19676,81F0A000,51706AE276481028
19743,81F0A001,FFC0C900CA000600
19757,81F0A001,FFC0CA00C9400600
19770,81F0A000,57A479CC9E010F27
19837,81F0A000,599A7DA09F550F26
19904,81F0A000,59908E95BCCA1028
19971,81F0A002,6200CE40CF808480
19985,81F0A000,5F68CBD3FFFF1027
20051,81F0A003,64000000077FB9FE
20128,81F0A003,6A000000077FB9CC
20192,81F0A002,E500CCC0CE008900
20205,81F0A002,3300CB00CE007880
20218,81F0A001,FFC0CB00CBC00600
20232,81F0A000,6760A6A3E1C11025
20298,81F0A003,570000000783B8BF
20362,81F0A000,65429804B1C11028
20429,81F0A003,530000000783B898
20492,81F0A003,4A0000000781B847
20555,81F0A003,69000000077FB7FA
20619,81F0A002,2900CE00D0807C00
20633,81F0A002,BF00CD40D0808200
20646,81F0A001,FFC0C7C0C8405B00
20661,81F0A000,766EBF28FFFF0F26
20727,81F0A000,70F2BBADFFFF0F26
20798,81F0A000,692EC3AAF6F11026
20865,81F0A001,FFC0C900C9800600
20878,81F0A001,FFC0CB80CB407100
20891,81F0A001,FFC0C9C0CC000600
20905,81F0A000,649E516D42DC0F27
20972,81F0A003,53000000077EB645
21036,81F0A000,5A7C2ECA2FA91027
21102,81F0A003,77000000077BB66F
21166,81F0A003,86000000077BB69E
21229,81F0A003,82000000077DB6B9
21293,81F0A002,E000CC00CF409200
21306,81F0A002,6200CAC0CE009200
21320,81F0A001,FFC0CB80CC000000
21334,81F0A000,5E5EC238FFFF1027
21400,81F0A000,5F7EBD55FFFF1026
21467,81F0A000,5A3EA111C6641027
21537,81F0A000,565CA09AB7D31027
21604,81F0A001,FFC0C940CA800600
21617,81F0A001,FFC0CB40CBC00600
21632,81F0A001,FFC0CA40CB400600
21645,81F0A000,5AA6A5A8E1190F26
21712,81F0A003,5D000000077DB52A
21776,81F0A000,5FEEC898FFFF1028
21842,81F0A003,5B0000000782B4C0
21906,81F0A003,4D000000077EB4E0
21969,81F0A003,510000000782B46B
22033,81F0A002,4D00CE00D0409140
22046,81F0A002,0D00CCC0CFC08900
22061,81F0A001,FFC0C900CA800700
22074,81F0A000,637EBC9CFFFF0F25
22140,81F0A000,6574CBC8FFFF0F26
22210,81F0A000,642CD0C1FFFF1027
22277,81F0A001,FFC0C880C8800600
22291,81F0A001,FFC0CBC0CA400700
22304,81F0A002,6900CE00CEC08140
22318,81F0A003,4B0000000783B402
22381,81F0A002,4900CE80CF008E40
22394,81F0A002,A400CD00CE008E40
22409,81F0A001,FFC0C880C8C00600
22422,81F0A001,FFC0CB00C8800600
22435,81F0A000,68E6D893FFFF0F26
22502,81F0A003,610000000783B3A8
22565,81F0A003,7F0000000784B3D4
22629,81F0A003,590000000784B3CD
22692,81F0A002,7400CEC0D0008E00
22707,81F0A002,7100CF00CDC08600
22720,81F0A001,FFC0CB40C8C00000
22736,81F0A000,65FA516232DC0F27
22803,81F0A000,6388538232880E27
22871,81F0A001,FFC0CB40CB000700
22884,81F0A001,FFC0C900CA400600
22897,81F0A000,51AE2B9A32A50E27
22964,81F0A000,4F982CEB32180E25
23030,81F0A000,481C2F832D040F27
23097,81F0A000,40D23F3131510F28
23163,81F0A000,396A48C131510F27
23231,81F0A000,32905DE030530F28
23298,81F0A001,FFC0CA00CA000000
23311,81F0A001,FFC0CA40CB000000
23325,81F0A000,2508657D31510F26
23392,81F0A000,23A26E3D30A70E26
23458,81F0A000,1EDE75F9308D0F27
23525,81F0A000,1AE883B4334F0F27
23589,81F0A000,196C937833321028
23656,81F0A000,1642A13D33691028
23723,81F0A000,142EA897334F1028
23790,81F0A001,FFC0CA00CAC00600
23803,81F0A001,FFC0CA40CA400700
23818,81F0A000,116ABE9C32C20F27
23884,81F0A000,1192BC9C31FB0F26
23951,81F0A000,11BCBF13324F1028
24018,81F0A000,1274C0FC32DC1028
24085,81F0A000,1288BCA732881028
24152,81F0A001,FFC0CA40C9C00000
24166,81F0A001,FFC0CA40C9800000
24179,81F0A000,16BEB3FB32DC0F27
24246,81F0A000,1704B0F732DC0F26
24313,81F0A000,1958A96632C21028
24383,81F0A000,1C3AA39E324F1027
24450,81F0A001,FFC0CA40CA800700
24463,81F0A002,D800CB80CE808BC0
24477,81F0A001,FFC0CA40CA000700
24491,81F0A000,1EA09337324F0F27
24557,81F0A000,1DA0927E32340F27
24624,81F0A003,55000000077AC0B8
24687,81F0A003,56000000077AC0DC
24751,81F0A003,56000000077AC11C
24814,81F0A002,5A00CD80CF0096C0
24827,81F0A002,5700CD00CF009BC0
24842,81F0A001,FFC0CA00CA000000
24855,81F0A000,194E9DCC32880F26
24922,81F0A000,19069E18326B0F26
24988,81F0A000,194E9F3332341027
25055,81F0A000,1994A17332341027
25125,81F0A000,1894A6D9324F1028
25192,81F0A002,8100CD00CE809A00
25205,81F0A002,1300CD00CEC09380
25220,81F0A001,FFC0CA40CAC00600
25233,81F0A000,1862A97132880F26
25299,81F0A000,184CAA4B326B0F26
25366,81F0A000,1910A4DA324F1027
25434,81F0A000,19A0A6AE32341027
25500,81F0A001,FFC0CA40CA800600
25513,81F0A001,FFC0CA00C9C08100
25528,81F0A000,1C309AD2324F0F27
25594,81F0A000,1BA0931632880F26
25661,81F0A000,1CB498A731FB1027
25729,81F0A000,1C8297D932341028
25795,81F0A000,1B8C95CF32341028
25875,81F0A001,FFC0CA40CB800600
25888,81F0A000,1C62949E324F1027
25955,81F0A003,58000000077AC40F
26018,81F0A000,1C4E934C324F1028
26085,81F0A003,59000000077AC436
26148,81F0A003,59000000077AC432
26212,81F0A003,590000000778C420
26275,81F0A002,8300CD80CEC09AC0
26290,81F0A002,8100CD80CEC09A00
26303,81F0A001,FFC0CA40CA000700
26317,81F0A000,1BB493F0324F0F26
26384,81F0A000,1BAA974032340F26
26450,81F0A000,1BB495F032341027
26518,81F0A000,1CDE925232341027
26585,81F0A001,FFC0CA40CA800700
26598,81F0A001,FFC0CA00CA000700
26615,81F0A000,1D30954132340F27
26682,81F0A000,1D4E95C4326B0F26
26748,81F0A001,FFC0CA40CA800700
26762,81F0A001,FFC0CA40CA000700
26776,81F0A000,1D06972B32340F27
26843,81F0A000,1D62934C324F0F26
26909,81F0A000,1D06967C32181027
26976,81F0A000,1BD2969D32181027
27042,81F0A000,1BE8939932341027
27109,81F0A000,1CDE92EA32181027
27175,81F0A000,1CFC992A32341027
27243,81F0A000,1CD4969331FB1027
27310,81F0A001,FFC0CA40CA808100
27323,81F0A001,FFC0CA40CA000700
27337,81F0A000,1C58926832340F27
27407,81F0A000,1CD4954C32340F26
27473,81F0A001,FFC0CA00CA400000
27488,81F0A001,FFC0CA80CAC00000
27501,81F0A000,1C4491FC32340F27
27568,81F0A000,1CC8952C326B0F26
27635,81F0A000,1C8C907E32181027
27702,81F0A000,1CFC93E5324F1028
27768,81F0A000,1E06931632341028
27835,81F0A001,FFC0CA00CA000700
27849,81F0A001,FFC0CA40CAC00700
27863,81F0A000,1DBE917932180F27
27929,81F0A000,1DDE8E2932180F26
27996,81F0A000,1D58915932341028
28062,81F0A000,1B808FE631FB1028
28129,81F0A000,1AFC9451324F1028
28195,81F0A001,FFC0CA40CA000000
28213,81F0A001,FFC0CA00CA800000
28226,81F0A001,FFC0CA40CAC00700
28239,81F0A000,1ADC960532340F26
28306,81F0A000,1A449CFD324F0F26
28372,81F0A000,1B80989D32181028
28440,81F0A000,1BD29ADD31FB1028
28507,81F0A000,1B2E992A32181028
28573,81F0A000,1B069B8C32341028
28640,81F0A001,FFC0CA00CA800700
28653,81F0A001,FFC0CD80CA000700
28666,81F0A000,1CA0932C324F0F27
28733,81F0A000,1BD2983B324F0F26
28801,81F0A000,1CC8956232341028
28867,81F0A000,1D3A97E332341028
28934,81F0A000,1CAA986632341028
29003,81F0A000,1C8296B332341028
29070,81F0A001,FFC0CA40CA400700
29083,81F0A002,B000CCC0CEC08400
29097,81F0A001,FFC0CA40CB008100
29111,81F0A000,1C4493FB324F0F27
29177,81F0A000,1C6C932C32340F26
29244,81F0A000,1BE894CA32341028
29310,81F0A000,1CC8970A32181028
29377,81F0A002,9100CD00CEC09A00
29391,81F0A000,1BC8987C32181028
29458,81F0A003,620000000776C41C
29521,81F0A000,1B769C4432341028
29588,81F0A003,620000000779C41D
29651,81F0A003,610000000778C413
29716,81F0A003,610000000777C40D
29779,81F0A002,9600CD40CEC09A80
29796,81F0A002,8900CD40CF0098C0
29810,81F0A002,A200CD40CF009AC0
29824,81F0A001,FFC0CA40CA800700
29838,81F0A001,FFC0CA40CAC00700
29851,81F0A000,1D62919A31DE0F28
29918,81F0A003,600000000779C3E1
29981,81F0A000,1D26953632181028
30049,81F0A003,5F0000000778C3B9
30112,81F0A000,1CA0980F31FB1028
30179,81F0A003,610000000779C3C1
30242,81F0A003,62000000077AC3BC
30306,81F0A003,620000000778C3C8
30369,81F0A002,9200CC40CE809700
30384,81F0A002,7200CC00CE8093C0
30397,81F0A001,FFC0CA40CA400000
30414,81F0A000,1CBE9159324F0F27
30481,81F0A001,FFC0CA40CA400700
30494,81F0A001,FFC0CA00C9C08100
30509,81F0A000,1CE894BF30A70F27
30575,81F0A003,62000000077AC3E0
30639,81F0A000,1CC89294308D1028
30705,81F0A003,610000000778C3B9
30769,81F0A003,610000000779C3A0
30832,81F0A003,5F000000077AC395
30896,81F0A002,B000CD80CF009780
30909,81F0A002,A800CC80CEC088C0
30922,81F0A001,FFC0CA40CA400000
30936,81F0A000,1DA08E5F2DCA0F27
31002,81F0A000,1CB491C52D740F27
31070,81F0A000,1DA092272B3F1028
31136,81F0A000,1DB491A42B951028
31206,81F0A000,1CB4934C2C3D1028
31272,81F0A001,FFC0CA00CA800700
31287,81F0A002,9400CD40CF009780
31300,81F0A001,FFC0CA80CA808100
31313,81F0A000,1D449E4F45670F27
31381,81F0A000,1ED4A1534A080F27
31448,81F0A000,22ACA9BD51341028
31514,81F0A000,29A4A02D53DC1028
31581,81F0A000,2E9A9A25544C1028
31647,81F0A000,33548CD754A01028
31715,81F0A000,36EE860053691028
31781,81F0A001,FFC0CA00CAC00000
31796,81F0A001,FFC0CA80CB400000
31809,81F0A000,33407CFC40530F28
31876,81F0A000,327278A73F720F27
32015,81F0A000,2F9A756140C41029
32081,81F0A002,9200CD40CEC07DC0
32096,81F0A002,7100CE00CF408D80
32109,81F0A001,FFC0CA80CB000700
32123,81F0A001,FFC0C9C0CA000000
32137,81F0A000,2C4878B2408C0F27
32203,81F0A000,2C867AE8411A0F28
32271,81F0A000,2CD877E341511029
32337,81F0A000,2D2A76E942C10F28
32404,81F0A000,2CF67CD245D81028
32471,81F0A001,FFC0CA00CA800700
32484,81F0A001,FFC0CA00CA800700
32498,81F0A000,303E82C44C3D0F28
32565,81F0A000,308683D54B080F27
32631,81F0A000,31C4802C4E3B1028
32698,81F0A000,324A7DD74FFF1029
32768,81F0A000,334A87DE51A71028
32835,81F0A001,FFC0CA40CA400000
32848,81F0A002,C600CC80CEC08F00
32862,81F0A001,FFC0C9C0C9800600
32876,81F0A000,365482FA52880F28
32943,81F0A000,362C853152880F28
33009,81F0A000,36DA80F052341029
33076,81F0A000,37548400526B1029
33142,81F0A000,379C827853151029
33210,81F0A001,FFC0CA80C9407100
33223,81F0A001,FFC0CA40CA000600
33238,81F0A000,377E80BA53320F28
33304,81F0A000,3722816951C10F27
33371,81F0A000,37228084544C1029
33437,81F0A000,370C82F054301029
33508,81F0A000,3692826254691029
33574,81F0A001,FFC0CA40CA400600
33589,81F0A002,7100CC00CE409400
33602,81F0A001,FFC0CA40CA400600
33615,81F0A000,36C6823753860F28
33682,81F0A000,3740842B55BB0F28
33748,81F0A000,3840834756B91029
33815,81F0A000,38BC8641572B1029
33883,81F0A000,39227DD7570F1029
33949,81F0A001,FFC0CA80CA000000
33963,81F0A002,5800CD00CE4094C0
33976,81F0A000,3ABC7AD2577F1029
34042,81F0A003,440000000787BF91
34106,81F0A003,410000000786BF7C
34169,81F0A003,410000000788BF72
34233,81F0A002,7100CC80CF409100
34249,81F0A001,FFC0CA40CA000000
34264,81F0A002,3C00CBC0CF009400
34277,81F0A001,FFC0C9C0C9800700
34290,81F0A000,30A4884B54690F29
34357,81F0A003,410000000782BFD0
34420,81F0A000,2E208ECC55BB102A
34487,81F0A003,45000000077EBFE5
34550,81F0A003,47000000077DC00B
34614,81F0A003,4D000000077DC015
34677,81F0A002,8300CCC0CF007D80
34692,81F0A002,9D00CC40CF408900
34705,81F0A001,FFC0CA80CA400000
34718,81F0A000,2D869B805D040F29
34785,81F0A000,2DD89EE75F550F29
34851,81F0A000,2F72A5A86070102A
34922,81F0A000,30C49B6060E0102A
34989,81F0A001,FFC0CA40CA800700
35002,81F0A001,FFC0C9C0C9C00600
35015,81F0A001,FFC0CA00C9807100
35030,81F0A000,337299A25FA91029
35096,81F0A003,550000000787BF67
35160,81F0A000,352098E8608C102A
35226,81F0A003,490000000787BF69
35291,81F0A003,460000000788BF54
35354,81F0A003,440000000786BF45
35418,81F0A002,3800CC40CEC098C0
35431,81F0A002,9100CC40CF009700
35445,81F0A001,FFC0CA40CA400600
35459,81F0A001,FFC0CA40CA000600
35473,81F0A000,1036D1B063A20F28
35539,81F0A003,430000000777C07B
35606,81F0A000,16E6CF036DCA102A
35674,81F0A000,1D6CC6CF7413102A
35740,81F0A000,182ED2C18A5E102A
35807,81F0A000,1742DC9CB16D102A
35873,81F0A001,FFC0CA00CA800000
35888,81F0A001,FFC0CA40CAC00000
35901,81F0A000,1D44D7DAAFFF0F2A
35969,81F0A000,1D1AD228A97A0F28
36035,81F0A000,1DF2D5A4AFFF102A
36102,81F0A000,2108DA26AFE2102A
36168,81F0A001,FFC0CA40CB000000
36182,81F0A001,FFC0CA40CAC00600
36196,81F0A000,2564D49FAE1E0F2A
36262,81F0A003,A60000000775C0D1
36326,81F0A000,29A4D013B288102A
36396,81F0A002,8F00CD40CE809400
36409,81F0A000,2A84D69EBD74102B
36476,81F0A003,600000000781C0AD
36539,81F0A003,4B0000000786C06B
36602,81F0A003,400000000787C02E
36666,81F0A002,7100CB40CE409440
36680,81F0A001,FFC0CA80CA800700
36694,81F0A001,FFC0CA80CAC00000
36707,81F0A000,377ED632FFFF102A
36774,81F0A003,390000000783BF49
36838,81F0A000,3B22CDB1B610102A
36904,81F0A003,320000000784BF01
36968,81F0A003,470000000783BEDF
37031,81F0A003,3A000000077DBEBC
37095,81F0A002,BE00CC80CF008D00
37109,81F0A002,9100CE00CF408C80
37126,81F0A001,FFC0CAC0C9800600
37140,81F0A001,FFC0C980C9C00600
37153,81F0A001,FFC0CA00CA800000
37168,81F0A000,3B2CBCFDB2F8102A
37234,81F0A003,320000000784BDF4
37298,81F0A000,4812AFBBA829102B
37364,81F0A003,3D0000000788BDDC
37429,81F0A000,353683064960102B
37495,81F0A003,460000000787BDFA
37559,81F0A003,560000000786BDF8
37622,81F0A003,760000000784BE01
37686,81F0A002,C600CC80CD4094C0
37699,81F0A002,9500CC40CF0090C0
37713,81F0A001,FFC0CAC0CB000700
37727,81F0A000,42248E3380360F2A
37806,81F0A000,40108EE183F60F2A
37873,81F0A003,390000000786BDDB
37937,81F0A003,3B0000000782BDC4
38000,81F0A003,440000000786BD29
38065,81F0A002,E400CD00CF408B00
38078,81F0A002,EE00CCC0CF809400
38092,81F0A001,FFC0CA40CB400600
38107,81F0A001,FFC0CA00C9400600
38120,81F0A000,3C9E84B96C060F29
38188,81F0A000,3D3889196CB0102B
38254,81F0A000,40FA804D6CE7102B
38321,81F0A000,46B483A97A7B102B
38388,81F0A000,4CE075417C06102B
38455,81F0A001,FFC0CAC0CB800000
38469,81F0A001,FFC0CA40C9400000
38482,81F0A000,45C882376C3D0F2A
38553,81F0A000,468C72525F390F29
38620,81F0A001,FFC0CA40CA400600
38633,81F0A001,FFC0C980CAC00600
38647,81F0A000,3A4C640A3D200F2A
38714,81F0A003,470000000780BC2F
38778,81F0A000,3E8A52BF316E102B
38845,81F0A003,5E000000077DBC36
38908,81F0A003,82000000077EBC30
38972,81F0A003,920000000780BC3A
39036,81F0A003,960000000780BC53
39100,81F0A002,7100CC80CF009540
39114,81F0A002,2400CC00CE408C40
39128,81F0A001,FFC0C980C9800700
39142,81F0A000,390E705D4469102B
39209,81F0A000,39186E8A3AB2102B
39279,81F0A000,38405E01316E102B
39347,81F0A001,FFC0C9C0CA000700
39360,81F0A002,C800CC80CF0082C0
39374,81F0A001,FFC0CAC0CA000600
39388,81F0A000,444EBA05C6B80F2B
39455,81F0A000,4844BF95D1190F2A
39522,81F0A000,43F294B3718A102B
39588,81F0A000,3668782443BF102B
39655,81F0A001,FFC0CA80CA000000
39669,81F0A001,FFC0C980C9800000
39683,81F0A000,3A4C7EFC5CE70F2B
39750,81F0A000,3D187CF25F390F29
39817,81F0A000,3F8A7ADD61A7102B
39883,81F0A000,3E0E716D5AEB102B
39951,81F0A000,35C486AD6134102B
40017,81F0A001,FFC0CA80CB000700
40035,81F0A001,FFC0CA80CAC00700
40048,81F0A001,FFC0CA80CAC00600
40062,81F0A000,37D085A8559E0F29
40129,81F0A000,380E84B95BCC0F2A
40196,81F0A000,394A89665C22102B
40263,81F0A000,399281485C06102B
40330,81F0A001,FFC0CA80CB000600
40343,81F0A001,FFC0CAC0CA007100
40357,81F0A000,377E7F5E55670F2B
40424,81F0A000,37027F6953F60F2A
40491,81F0A000,364087BD5BB0102B
40558,81F0A000,379C87F35BCC102B
40625,81F0A001,FFC0CA00C9407100
40639,81F0A001,FFC0CA40CAC00600
40652,81F0A000,36368A8B579C0F2B
40723,81F0A003,420000000788BE5E
40786,81F0A001,FFC0CA80CA800600
40800,81F0A000,378888F956B9102B
40867,81F0A003,440000000788BECA
40931,81F0A000,363682C4516E102B
40997,81F0A003,440000000789BF04
41062,81F0A003,470000000788BF06
41125,81F0A003,470000000786BF1F
41189,81F0A002,7100CB80CE409200
41203,81F0A002,7600CC00CF009440
41218,81F0A001,FFC0CA40CA000600
41231,81F0A000,332A71CF43F60F2B
41298,81F0A000,32BA72C942340F2B
41365,81F0A000,324A709442A5102C
41433,81F0A000,33EE6F434611102B
41499,81F0A001,FFC0C9C0C9C00600
41517,81F0A001,FFC0C980C9C07100
41531,81F0A001,FFC0CA80CA000000
41544,81F0A001,FFC0CA40CA000600
41559,81F0A000,325E70CA470F0F2A
41625,81F0A000,31E26FF145F4102B
41693,81F0A000,317C72264665102C
41759,81F0A000,322075A34C23102C
41827,81F0A001,FFC0CA80CA400700
41841,81F0A001,FFC0CA40CA400600
41854,81F0A000,35BA86AD554A0F2B
41921,81F0A000,36168AF954A00F2A
41989,81F0A000,33BA873B587D102C
42055,81F0A000,2FF68D445A7B102B
42122,81F0A000,32728DD15A41102C
42189,81F0A001,FFC0CA80CAC00600
42206,81F0A001,FFC0CA40CA007100
42220,81F0A001,FFC0C9C0C9400700
42233,81F0A001,FFC0CAC0CB400700
42248,81F0A000,332A8BB1589A0F2A
42314,81F0A003,520000000786C0F6
42378,81F0A000,329C8A1458D3102C
42444,81F0A003,4D0000000786C0F9
42509,81F0A003,4A0000000788C0DC
42572,81F0A003,490000000786C0F2
42636,81F0A002,8400CC00CF009100
42650,81F0A002,A600CC00CF009640
42663,81F0A001,FFC0CA80CA407100
42678,81F0A001,FFC0CA80C9800600
42692,81F0A000,3602927E59600F2A
42759,81F0A003,490000000789C0FE
42822,81F0A000,357293786332102C
42893,81F0A003,480000000788C100
42956,81F0A000,38EE8E7F6611102B
43024,81F0A000,3C2C8E126C06102C
43090,81F0A000,3DBC8D6F6D74102C
43158,81F0A001,FFC0CA80C9C00000
43171,81F0A001,FFC0CA80CA800000
43186,81F0A000,3A929DCC6EC80F2B
43252,81F0A000,3BD0A19F6D200F2A
43320,81F0A000,3D948C807151102C
43386,81F0A000,3DBC918370FD102C
43453,81F0A000,3D228F0D711A102B
43521,81F0A000,3D4293B97288102C
43587,81F0A001,FFC0CA80CA400600
43600,81F0A001,FFC0CAC0CAC07100
43615,81F0A000,42D27E8470A70F2B
43695,81F0A000,43A080386C3D0F2A
43761,81F0A003,440000000788C031
43826,81F0A003,490000000788C017
43889,81F0A003,4A0000000786BFA0
43953,81F0A003,470000000786BEE3
44017,81F0A002,8000CC80CEC08B40
44030,81F0A002,7100CDC0CF408200
44045,81F0A001,FFC0C9C0C9400000
44059,81F0A000,488C804381A7102B
44126,81F0A000,4A827F7F80E0102B
44192,81F0A000,42D293B992A4102B
44260,81F0A000,4AE8BA91DEE4102B
44326,81F0A001,FFC0CB40CA800600
44340,81F0A001,FFC0CB00CB000700
44354,81F0A000,4B64CA2BFFFE0F2B
44421,81F0A000,471CD164FCE60F29
44491,81F0A000,4A12DB0AFFFF102B
44558,81F0A001,FFC0CA40CB000000
44572,81F0A001,FFC0C980CA000000
44585,81F0A001,FFC0C9C0C9800600
44600,81F0A000,4644DA51FFFF102A
44666,81F0A000,4982DBEFFFFF102B
44734,81F0A000,55C2D2D6FFFF102B
44801,81F0A000,5A34D343FFFF102C
44868,81F0A000,53C2D075FFFF102B
44935,81F0A001,FFC0C9C0C9800600
44949,81F0A001,FFC0CB40CBC00600
44962,81F0A001,FFC0C8C0CA000000
44977,81F0A000,6442C731FFFF0F2A
45044,81F0A003,4B0000000782B67D
45108,81F0A000,668AD652FFFF102B
45178,81F0A003,5B0000000782B683
45242,81F0A000,6D06CE6BFFFF102B
45308,81F0A000,72A0CCA2FFFF102B
45375,81F0A000,7106CC8BFFFF102A
45443,81F0A000,6CAAD716FFFF102A
45509,81F0A001,FFC0CB80CBC00600
45523,81F0A001,FFC0C980C9C00600
45537,81F0A000,777AD054FFFF0F2A
45603,81F0A000,778ECC61FFFF0F28
45671,81F0A002,7800CA80CD808A80
45684,81F0A000,6FCAB9C3F44C102B
45751,81F0A003,470000000782B5A9
45815,81F0A003,56000000078AB5B2
45879,81F0A003,4E000000077BB5F8
45942,81F0A002,8100CC00CF808700
45956,81F0A002,6D00CD00CF008D40
45973,81F0A001,FFC0CB80CC000000
45987,81F0A001,FFC0C9C0C7400600
46001,81F0A001,FFC0CA00CA400600
46015,81F0A000,68A83A5931DE102B
46082,81F0A003,7C000000077BB678
46145,81F0A000,521428A03288102C
46212,81F0A003,57000000077BB6E0
46275,81F0A003,4B000000077BB719
46340,81F0A003,45000000077BB713
46403,81F0A002,8100CC40CE808940
46416,81F0A002,0E00CCC0CEC09380
46431,81F0A001,FFC0CB00CA400000
46444,81F0A001,FFC0CB00CAC00600
46458,81F0A000,51469AC8B8450F29
46525,81F0A003,470000000781B7AD
46593,81F0A000,5F9C9BE2C97A102B
46659,81F0A000,51AE85DFA3A2102B
46727,81F0A000,538E8A29A681102B
46793,81F0A001,FFC0CA80C9000600
46808,81F0A001,FFC0CA80CA000600
46821,81F0A000,5B2AC458FFFF0F2B
46888,81F0A000,5B72C946FFFF0F29
46955,81F0A000,6118C972FFFF102A
47023,81F0A000,6660CFDCFFFF102B
47089,81F0A001,FFC0CB80CB800600
47104,81F0A001,FFC0CA00CB000600
47118,81F0A001,FFC0C9C0C8C00600
47131,81F0A000,644CCD7BFFFF0F2A
47199,81F0A003,430000000781B71C
47262,81F0A000,688AD473FFFF102B
47330,81F0A003,4F0000000785B676
47396,81F0A000,5F7ED01DFFFF1029
47464,81F0A000,6CB4CEACFFFF102A
47531,81F0A000,6FFCCC81FFFF102B
47598,81F0A001,FFC0CA80CBC00000
47611,81F0A001,FFC0C980C9800000
47626,81F0A000,70F2CFFDFFFF0F2B
47692,81F0A000,716ECAE3FFFF0F2A
47760,81F0A000,7006CE2AFFFF102C
47826,81F0A000,73A2CCF9FFFF102B
47894,81F0A001,FFC0CB80CB400600
47907,81F0A001,FFC0C980C8C00600
47922,81F0A000,5F162F36344D0F2B
47988,81F0A000,5D162FB933DC0F29
48055,81F0A002,C100CBC0CE0085C0
48069,81F0A000,4D3C383A3386102C
48136,81F0A003,6D000000077BB506
48196,81F0A003,62000000077BB5E4
48261,81F0A002,8100CD80CF408A80
48274,81F0A002,E800CDC0CF409380
48288,81F0A001,FFC0CA40CAC00000
48302,81F0A000,34E451DA30FD102A
48369,81F0A000,3354584F311A102B
48436,81F0A000,2D525D3D32C2102A
48502,81F0A000,27705F7E3288102C
48570,81F0A001,FFC0CA80CA000700
48583,81F0A001,FFC0CA00CA007100
48598,81F0A000,1D267651334F0F2B
48664,81F0A000,1C4E806333150F2A
48732,81F0A000,18BE8F5832F9102C
48798,81F0A000,161AA1283234102C
48866,81F0A001,FFC0CA40CA800000
48883,81F0A001,FFC0CA80CAC00000
48898,81F0A001,FFC0CA00CA800600
48911,81F0A001,FFC0CA40CA000700
48925,81F0A000,11B2B98232DC0F2A
48992,81F0A003,710000000776BD19
49056,81F0A000,10B2C47932F9102C
49123,81F0A003,6C0000000777BE3D
49187,81F0A000,1338C78832C2102C
49302,81F0A003,670000000777BF3F
49366,81F0A003,5B0000000772C008
49429,81F0A003,540000000770C051
49492,81F0A002,B700CCC0CF009480
49507,81F0A002,CB00CC40CF0092C0
49520,81F0A001,FFC0CA80CA000600
49534,81F0A001,FFC0CA40CA000000
49549,81F0A000,1ED496C932180F2B
49629,81F0A003,4C0000000779C0CB
49692,81F0A003,50000000077AC0FF
49756,81F0A002,8100CD00CF009A00
49770,81F0A002,A400CC00CF409880
49784,81F0A001,FFC0CA40CA400700
49798,81F0A001,FFC0CA80CA800000
49812,81F0A000,1C6C90AA32180F2A
49879,81F0A003,55000000077AC176
49942,81F0A000,1C3A9B8C324F102C
50009,81F0A003,570000000774C1C2
50073,81F0A003,57000000077AC1ED
50137,81F0A003,570000000779C212
50200,81F0A002,4C00CD00CEC09680
50214,81F0A002,5200CD80CEC09580
50228,81F0A001,FFC0CA40CA000600
50245,81F0A001,FFC0CA80CA000600
50259,81F0A002,4200CC00CF009A00
50273,81F0A000,1AB49A2F326B0F2A
50340,81F0A003,570000000776C238
50404,81F0A000,1A809E4F31FB102C
50471,81F0A003,590000000771C26D
50535,81F0A003,5A0000000776C288
50598,81F0A003,5A0000000773C295
50663,81F0A003,590000000777C2A3
50726,81F0A002,6B00CD00CF009140
50741,81F0A002,9500CC80CF409700
50754,81F0A001,FFC0CA80CAC00600
50768,81F0A000,1CD4943C32180F2B
50835,81F0A000,1DCA930132180F2B
50903,81F0A000,1DBE8FB03218102C
50969,81F0A000,1D4E97C33234102C
51039,81F0A001,FFC0CA40CA800600
51053,81F0A002,C200C940CEC09D00
51066,81F0A001,FFC0CA40CA400000
51081,81F0A001,FFC0CA40C9400600
51094,81F0A000,1D268E95301A0F2A
51162,81F0A003,59000000077AC318
51225,81F0A000,1CE88EC12FE3102C
51292,81F0A003,5D000000077AC2DD
51355,81F0A003,5C000000077AC2ED
51419,81F0A003,5C0000000779C2C7
51483,81F0A002,AD00CCC0CEC09680
51496,81F0A002,9A00CC40CEC093C0
51510,81F0A001,FFC0CA40CA000700
51524,81F0A001,FFC0CA40CAC00000
51538,81F0A000,1E4491422FC60F2A
51608,81F0A003,5C000000077AC27D
51672,81F0A000,1EA08F222F1C102C
51738,81F0A000,1E78909F2F55102C
51806,81F0A000,1E3091D02F1C102C
51872,81F0A000,1D828FE62EAB102C
51939,81F0A001,FFC0CA40CA400700
51953,81F0A001,FFC0CA40CA400700
51966,81F0A000,1D448F222EAB0F2B
52034,81F0A000,1D268EF72EFF0F2A
52101,81F0A000,1CF28F4E2EFF102C
52168,81F0A000,1D4E90AA30A7102C
52235,81F0A001,FFC0CA40CA800000
52249,81F0A001,FFC0CA00CB000000
52262,81F0A000,1E1C90B5326B0F2B
52330,81F0A000,1DBE8E8A32C20F2A
52397,81F0A000,1DDE8FE63234102C
52467,81F0A000,1D4E93213234102C
52534,81F0A002,8100CD40CF009140
52548,81F0A002,A700CD80CEC09900
52562,81F0A001,FFC0CA40CA400700
52576,81F0A001,FFC0CA40CA800000
52590,81F0A000,1ED49211324F0F2A
52657,81F0A000,1E448F2E31FB102C
52724,81F0A003,61000000077AC1C7
52788,81F0A000,1DA0914D31A7102C
52855,81F0A003,600000000779C1AA
52919,81F0A000,1D308CC131A7102C
52985,81F0A003,61000000077AC1D7
53050,81F0A003,62000000077AC1B6
53113,81F0A003,60000000077AC175
53177,81F0A002,AB00CD80CEC090C0
53194,81F0A002,8100CB80CEC08D80
53209,81F0A002,B500CC80CEC09A40
53223,81F0A002,C200CC00CEC09F40
53236,81F0A001,FFC0CA80CB000700
53251,81F0A000,1DBE8CE231DE102C
53317,81F0A000,1D828DFD31C2102C
53385,81F0A000,1DCA8D592F72102C
53451,81F0A000,1DFC8E3E3070102C
53518,81F0A001,FFC0CA40CB800700
53532,81F0A001,FFC0CA80CA800600
53545,81F0A000,1E4E8D852D910F2C
53613,81F0A000,1DF28C132E580F2A
53680,81F0A000,1E6289A72D04102C
53746,81F0A000,1DDE8CE22C23102C
53813,81F0A001,FFC0CAC0CB400600
53827,81F0A001,FFC0CA40CAC00600
53844,81F0A000,1DDE89862C060F2C
53911,81F0A000,1E4E8BA62C5A0F2B
53978,81F0A001,FFC0CA00CA800600
53992,81F0A001,FFC0CA00CA400600
54006,81F0A000,1E8C8AB72BCD0F2C
54073,81F0A000,1EC089712C5A0F2B
54140,81F0A000,1DDE893A2B3F102D
54207,81F0A000,1E308AC12BCD102C
54274,81F0A001,FFC0CA40CB400600
54288,81F0A001,FFC0CA40CAC00600
54302,81F0A001,FFC0CA40CA000000
54316,81F0A000,1E4486B82BCD0F2B
54383,81F0A003,63000000077AC034
54447,81F0A000,1E4E89B22B95102C
54514,81F0A003,60000000077AC083
54581,81F0A000,1D3089FE2B95102D
54648,81F0A000,1DBE8C6A2D3D102D
54715,81F0A000,1E308E952E02102D
54782,81F0A001,FFC0CA00CA000700
54796,81F0A001,FFC0CA40C7800700
54810,81F0A000,1F128EEC2E8F0F2C
54877,81F0A000,1F788ACD2EFF0F2B
54944,81F0A000,1FB68CC12F72102D
55011,81F0A000,1F6E8D393070102D
55077,81F0A002,C800CD40CEC09C40
55092,81F0A000,1E788D65308D102D
55158,81F0A000,1EB48B0330FD102C
55225,81F0A000,1EE88A3F311A102D
55292,81F0A000,1FB6893A30E0102D
55359,81F0A001,FFC0CA00CA800000
55373,81F0A001,FFC0CA80CB400000
55400,81F0A000,205A8AED318A0F2C
55468,81F0A003,5A000000077AC235
55531,81F0A003,5A000000077AC228
55595,81F0A003,5A000000077AC22C
55658,81F0A002,FB00CC80CF0085C0
55672,81F0A002,2600CDC0CF008C00
55686,81F0A001,FFC0CA80CA400600
55700,81F0A000,208C8A6B34F60F2C
55767,81F0A000,20DE8E33352E0F2C
55833,81F0A000,21AC8DB0352E102D
55901,81F0A000,225A8C493681102C
55967,81F0A001,FFC0CA40CA400600
55982,81F0A001,FFC0CA40CAC00600
55995,81F0A000,2412874636480F2C
56062,81F0A000,2498863636110F2B
56132,81F0A000,245A838835BB102D
56200,81F0A001,FFC0CA00C9C00600
56214,81F0A002,7C00CD80CF008300
56227,81F0A001,FFC0CA80CAC00000
56242,81F0A000,2484836836F20F2C
56308,81F0A000,247881E0370F0F2C
56376,81F0A000,24A2895A36D5102D
56442,81F0A000,245A85F4372B102D
56510,81F0A001,FFC0CA80CAC07100
56524,81F0A001,FFC0CA80CB400600
56538,81F0A001,FFC0CA00C9000600
56552,81F0A000,238E86AD369E0F2C
56619,81F0A003,56000000077AC193
56682,81F0A000,22F488F93665102D
56750,81F0A003,55000000077AC17E
56813,81F0A003,56000000077AC20D
56880,81F0A003,56000000077AC242
56943,81F0A003,560000000779C265
57007,81F0A003,570000000779C2B4
57070,81F0A002,B400CD80CEC08280
57084,81F0A002,A200CC40CF008B00
57098,81F0A001,FFC0CA40CA000700
57112,81F0A000,255A7EB037F00F2C
57179,81F0A000,25127F5E379C0F2C
57245,81F0A000,24C07EB0377F102E
57313,81F0A000,2432839E377F102E
57379,81F0A001,FFC0CE00C9400600
57394,81F0A001,FFC0CA40CA800600
57407,81F0A002,8F00CD80CF008300
57421,81F0A003,57000000077AC2A7
57485,81F0A002,9E00CC00CF009BC0
57501,81F0A002,AD00CC80CEC091C0
57516,81F0A002,B300CC00CDC095C0
57529,81F0A001,FFC0CA40CA800700
57543,81F0A001,FFC0CA40CAC00700
57556,81F0A000,261283263A25102D
57624,81F0A000,264683D539D1102D
57691,81F0A000,26A282F03D20102E
57757,81F0A000,277A7CC63E3B102E
57825,81F0A000,277A7E593D74102E
57891,81F0A001,FFC0CA80CA400700
57906,81F0A001,FFC0CA80CB000700
57919,81F0A000,27CC81D53EC80F2D
57987,81F0A000,27B87E223DE50F2C
58053,81F0A000,27B87FCA401A102E
58121,81F0A000,283C7D333E8F102E
58187,81F0A001,FFC0CA80CA800700
58205,81F0A001,FFC0C980C9C07100
58219,81F0A001,FFC0CA80CAC00000
58232,81F0A001,FFC0CA40CA400600
58247,81F0A000,28F47BD73EAB0F2C
58314,81F0A000,29707C9A3EC8102D
58381,81F0A000,29CC7A3A3EC8102E
58448,81F0A000,2A0077604053102E
58515,81F0A001,FFC0CA40CBC00700
58529,81F0A001,FFC0CA40CA400600
58543,81F0A000,2B84791440530F2D
58610,81F0A000,2BA479ED3F8C0F2C
58677,81F0A000,2C4876253FFF102E
58744,81F0A000,2D7C769C408C102E
58811,81F0A001,FFC0CA40CAC00600
58825,81F0A001,FFC0CA80CB000600
58843,81F0A000,2F866EE140A70F2E
58909,81F0A001,FFC0CA80CB000600
58924,81F0A001,FFC0CA00CAC00700
58937,81F0A000,2FD875EF40700F2E
59004,81F0A000,30006FD03EE50F2C
59071,81F0A000,300C73424053102E
59138,81F0A000,2FEC70EB408C102E
59205,81F0A001,FFC0CA80CAC00700
59218,81F0A001,FFC0CA40CB400700
59233,81F0A000,30A46ECB40360F2E
59299,81F0A000,30BA6EE13FE30F2C
59366,81F0A000,3102765B40C4102E
59433,81F0A000,30A4725D4134102E
59500,81F0A000,30867094418A102F
59567,81F0A001,FFC0C9C0CAC00600
59581,81F0A001,FFC0CA80CB007100
59597,81F0A000,3102707441A70F2E
59665,81F0A001,FFC0C9C0CA400600
59679,81F0A000,3120730B41A7102E
59746,81F0A000,31687336416E102E
59812,81F0A000,317270534369102F
59880,81F0A000,31487426444C102F
59947,81F0A001,FFC0CA80CAC00600
59961,81F0A001,FFC0CA80CA800600
59975,81F0A000,2E725E592EE50F2E
60042,81F0A000,2E00620B2EFF0F2D
60109,81F0A000,2B3E5BA02E8F102F
60176,81F0A000,283C5CA52F1C102F
60243,81F0A001,FFC0CA80CA800600
60257,81F0A001,FFC0CA00CAC00600
60271,81F0A001,FFC0CA80CB400000
60289,81F0A000,20AC74B32FE30F2D
60355,81F0A000,203A78242F390F2E
60423,81F0A001,FFC0CA40CA400600
60436,81F0A001,FFC0CA40CAC00600
60450,81F0A000,1C7684EF2F550F2E
60517,81F0A000,1C3A8AF92FA90F2D
60583,81F0A000,1C448B852F39102F
60651,81F0A000,1C6C8D652EAB102F
60718,81F0A000,1D6C907E2EE5102F
60784,81F0A001,FFC0CA00CA000000
60798,81F0A001,FFC0CA80CAC00000
60812,81F0A000,1F8C8CCC2EFF0F2E
60879,81F0A000,1FFC89E82F1C0F2D
60946,81F0A000,20B689FE2EE5102F
61014,81F0A000,207889502E72102F
61080,81F0A001,FFC0CA80C9400600
61109,81F0A001,FFC0CA80CAC07100
61123,81F0A000,1F6E87302EAB0F2D
61191,81F0A000,1F3089712E720F2D
61259,81F0A000,1EFC884B2E8F102F
61327,81F0A001,FFC0CA40CA800600
61342,81F0A001,FFC0CA00CA400600
61357,81F0A001,FFC0CA40CA800600
61372,81F0A000,1EC08A8B2C5A0F2D
61440,81F0A000,1E8288A22C5A0F2E
61507,81F0A000,1F6489712E72102F
61576,81F0A001,FFC0CA00CA000000
61590,81F0A002,FF00CD40CEC096C0
61605,81F0A001,FFC0CA80CA800600
61620,81F0A001,FFC0C9C0CA400600
61635,81F0A000,1F2683732B080F2F
61707,81F0A000,1F6486D92B95102F
61773,81F0A002,E300CDC0CEC09840
61787,81F0A002,CD00CC80CF008500
61801,81F0A001,FFC0CA40CAC00600
61814,81F0A001,FFC0CA40CAC00600
61829,81F0A000,1F128A8B2D200F2D
61895,81F0A003,6D000000077AC3F7
61959,81F0A000,1E7888EE2FFF102F
62025,81F0A003,67000000077AC42C
62090,81F0A002,DF00CC00CF008B80
62103,81F0A002,EB00CC80CE809980
62116,81F0A002,8100CC00CEC08D80
62131,81F0A001,FFC0CA80CA800000
62144,81F0A000,1F96873B30C40F2E
62211,81F0A000,1F8289C82FFF102F
62277,81F0A000,1F8C882A301A102F
62347,81F0A000,1F2687B230701030
62413,81F0A001,FFC0CA40CA800600
62428,81F0A001,FFC0CA40CA800600
62441,81F0A001,FFC0CA80CAC00600
62454,81F0A000,1EC0875B2EAB0F2F
62521,81F0A003,6B000000077AC516
62584,81F0A003,6A000000077AC510
62648,81F0A003,69000000077AC513
62711,81F0A002,EC00CBC0CF008A80
62725,81F0A002,E200CBC0CEC09580
62739,81F0A001,FFC0CA80C9800600
62752,81F0A000,1F2684822B790F2F
62819,81F0A000,1ED486822BB00F2F
62885,81F0A000,1F06860A2DE51030
62952,81F0A000,1F1C86982EAB1030
63022,81F0A000,1FAA888C2EAB1030
63089,81F0A001,FFC0CA00CA000600
63102,81F0A002,BB00CD00CF409740
63116,81F0A001,FFC0CA40CAC00000
63129,81F0A000,1E4E89922EC80F2F
63196,81F0A000,1E2688972EAB0F2F
63263,81F0A000,1E828AAC2E8F1030
63330,81F0A000,1E788D182E8F1030
63396,81F0A000,1EE889F32CE71030
63463,81F0A001,FFC0CA40CA807100
63476,81F0A001,FFC0CA40CA000600
63491,81F0A000,1F1C882A2E020F2F
63557,81F0A003,6B000000077AC4ED
63621,81F0A000,1F6E86FA2EFF1030
63687,81F0A003,6C000000077AC511
63751,81F0A003,6D000000077AC512
63817,81F0A003,6A000000077AC507
63882,81F0A003,6B000000077AC527
63945,81F0A003,6A000000077AC52A
64009,81F0A002,8100CD80CF0091C0
64022,81F0A002,CB00CC00CF009600
64036,81F0A001,FFC0CA40CB000000
64050,81F0A000,1EE88F4334DA0F2F
64116,81F0A000,1F788E6A372B0F2F
64184,81F0A000,2150959842881030
64250,81F0A000,23B6991447461030
64317,81F0A001,FFC0CA00C9C00600
64331,81F0A000,2C669069490A0F30
64398,81F0A000,2C5C85C948601030
64464,81F0A000,2DF6842B45671030
64532,81F0A000,30207A9046651030
64602,81F0A001,FFC0CA80CB000600
64616,81F0A002,0100CC80CEC08BC0
64629,81F0A001,FFC0C980CB400600
64643,81F0A000,2F0A7960452E0F2F
64709,81F0A000,2ECE780F45BB0F2F
64776,81F0A000,2D867AE844691030
64842,81F0A000,2C9077CD454A1030
64910,81F0A000,2B667EFC459E1030
64976,81F0A001,FFC0CA40CA807100
64990,81F0A001,FFC0CA00C9C00700
65003,81F0A000,2B707EBB444C0F30
65070,81F0A003,4E000000077AC2DF
65133,81F0A000,2A8E7E7A43F61030
65200,81F0A003,50000000077BC2B0
65263,81F0A003,52000000077BC2B3
65327,81F0A003,53000000077CC27A
65393,81F0A002,B800CBC0CEC098C0
65408,81F0A002,C700CD80CF0080C0
65421,81F0A002,CE00CD40CE809900
65435,81F0A001,FFC0C9C0CA400000
65448,81F0A000,2F007A7B44BD0F30
65515,81F0A000,2EB8776044BD102F
65582,81F0A000,2E9A7A1944F61030
65648,81F0A000,2DCE775644F61030
65716,81F0A001,FFC0CA40CA400700
65729,81F0A001,FFC0CA40CA808100
65743,81F0A000,0F0EA8EF390A0F30
65810,81F0A000,0F0EA8EF39D10E2E
65876,81F0A000,0F0EA8EF54F61031
65943,81F0A000,0F0EA8EF83691030
66011,81F0A000,0F0EA8EF8DE41030
66080,81F0A001,FFC0CA40CA000000
66095,81F0A002,E100CC00CEC08940
66168,81F0A001,FFC0CA80CA000700
66182,81F0A003,530000000772BF2D
66245,81F0A002,E100CD40CF008D00
66259,81F0A002,E100CC00CEC08C80
66273,81F0A001,FFC0CA40CA800700
66287,81F0A001,FFC0CA40CAC00000
66300,81F0A000,0F0EA8EF31C20F2F
66367,81F0A003,540000000772BE41
66430,81F0A000,0000E16A31A71031
66498,81F0A003,560000000777BD87
66562,81F0A003,560000000777BD2E
66625,81F0A003,570000000777BCE7
66689,81F0A002,0000CD80CEC08840
66702,81F0A001,FFC0CA40CB000000
66728,81F0A001,FFC0CA40CAC00600
66742,81F0A003,580000000777BC47
66805,81F0A002,8D00CC40CEC08B00
66819,81F0A002,0000CC80CEC08D40
66833,81F0A001,FFC0CA40CA800000
66846,81F0A001,FFC0CA40CA800600
66861,81F0A000,0000E0A631FB0F2F
66927,81F0A003,590000000777BBD0
66991,81F0A003,5A0000000777BB89
67054,81F0A003,5B0000000777BB47
67118,81F0A002,0000CC40CF008D80
67132,81F0A002,0000CC80CF008800
67145,81F0A001,FFC0CA40CA800700
67159,81F0A001,FFC0CA80C9C00000
67173,81F0A000,0000E06531FB0F2F
67243,81F0A003,5E0000000777BA9A
67307,81F0A000,0000E1ED31FB1031
67374,81F0A000,0000E1AB32181031
67440,81F0A000,0000E26F31FB1031
67507,81F0A000,0000E26F31DE1031
67573,81F0A001,FFC0CA40CA400700
67588,81F0A001,FFC0CA40CAC08A00
67601,81F0A000,0000D90032180F30
67667,81F0A000,0000DFE2324F0F2F
67734,81F0A000,0000E26F32341031
67801,81F0A000,0000E22E31FB1031
67867,81F0A000,0000E16A31DE1031
67934,81F0A001,FFC0CA40CA000000
67948,81F0A001,FFC0CA40CA800000
67961,81F0A000,0000D83C32180F30
68028,81F0A003,660000000777B817
68094,81F0A000,0000E12931DE1031
68161,81F0A000,0000E1ED31DE1031
68228,81F0A000,0000E22E31FB1031
68294,81F0A000,0000E1ED31FB1031
68361,81F0A001,FFC0CA40CAC00600
68375,81F0A001,FFC0CA40CA000600
68388,81F0A000,0000D83C32340F30
68455,81F0A003,690000000777B63D
68518,81F0A000,0000E1AB32341031
68585,81F0A003,6A0000000777B5C1
68648,81F0A003,6A0000000777B63C
68712,81F0A003,6B0000000777B775
68775,81F0A002,0000CD40CEC09A40
68789,81F0A002,0000CC00CF009A80
68802,81F0A001,FFC0CA40CA400000
68819,81F0A000,0000E2F232880F30
68886,81F0A000,0000E0E8326B0F30
68953,81F0A001,FFC0CA40CA800600
68967,81F0A001,FFC0CA40C9C08A00
68980,81F0A000,0000DA0532340F30
69047,81F0A000,0000E0E8326B0F2F
69113,81F0A002,8D00CC00CEC09500
69128,81F0A000,0000E1AB32881031
69194,81F0A003,6E0000000777BDEF
69258,81F0A003,6F0000000777BEA4
69321,81F0A003,700000000777BF56
69385,81F0A002,0000CBC0CEC09580
69399,81F0A002,0000CD40CF009580
69412,81F0A001,FFC0CA40CA400000
69427,81F0A000,0000E1ED326B0F30
69493,81F0A000,0000DFE2324F0F30
69563,81F0A000,0000E12932341031
69630,81F0A001,FFC0CA40CA400700
69644,81F0A001,FFC0CA40CA400700
69658,81F0A001,FFC0CA40CA400700
69671,81F0A000,0000E06532881030
69738,81F0A003,730000000777C2D0
69801,81F0A000,0000E16A326B1031
69869,81F0A003,730000000777C391
69933,81F0A003,730000000777C3E9
69996,81F0A003,740000000777C425
70060,81F0A002,0000CD00CEC09A80
70073,81F0A002,0000CD80CEC09AC0
70087,81F0A001,FFC0CA40CA000700
70100,81F0A001,FFC0CA40CAC00600
70114,81F0A000,0000E0E832A50F2F
70184,81F0A003,760000000777C4CB
70247,81F0A000,0000E12932F91031
70313,81F0A000,0000E26F32881031
70381,81F0A000,0000E12932DC1031
70448,81F0A000,0000E1ED32F91031
70514,81F0A000,0000E1ED32881031
70581,81F0A001,FFC0CA40C9C00000
70594,81F0A001,FFC0CA40CA000000
70607,81F0A000,0000D8BF324F0F31
70675,81F0A003,790000000777C5AE
70738,81F0A000,0000E1ED326B1031
70805,81F0A003,780000000777C5F1
70868,81F0A003,780000000777C60A
70932,81F0A003,790000000777C627
70995,81F0A002,0000CCC0CF009A40
71009,81F0A002,0000CD40CF009400
71026,81F0A001,FFC0CA40CA400600
71041,81F0A001,FFC0CA40CA400700
71054,81F0A001,FFC0CA40CA000000
71067,81F0A000,0000E065326B1031
71135,81F0A003,7B0000000777C659
71198,81F0A000,0000E22E32181031
71265,81F0A003,7B0000000777C689
71328,81F0A000,0000E12933BF1031
71396,81F0A003,7D0000000777C6C1
71459,81F0A003,7D0000000777C6D6
71523,81F0A003,7E0000000777C6ED
71586,81F0A002,0000CD40CEC09140
71600,81F0A002,8D00CD80CF009100
71614,81F0A001,FFC0CA40CA000700
71627,81F0A000,0000D9C4326B0F30
71694,81F0A000,0000E0E832180F30
71758,81F0A000,0000E1AB32181031
71825,81F0A000,0000E22E31FB1031
71891,81F0A000,0000E2B132181031
71958,81F0A000,0000E22E32181031
72025,81F0A000,0000E22E31FB1031
72092,81F0A001,FFC0CA40CA400000
